{
  "width_pixels": 1200,
  "height_pixels": 1920,
  "x_dpi": 282.22198486328125,
  "y_dpi": 283.53399658203125,
  "density": 2.0,
  "density_dpi": 320,
  "screen_size": "large",
  "smallest_screen_width_dp": 600
}